benchmark,backbone,lauf,split,qwk,macro_f1,accuracy
asap,llama1b,asap_bidir02_llama1b,ua,0.8218840147993952,0.7450550121012683,0.7729709035222052
asap,llama3b,asap_bidir02_llama3b,ua,0.8364751130367442,0.7637412882129528,0.7852220520673813
asap,mistral7b,asap_bidir02_mistral7b,ua,0.8513448433234385,0.7835778510809188,0.794218989280245
asap,llama1b,asap_bidir04_llama1b,ua,0.8220351238751744,0.7379446233195911,0.7679938744257274
asap,llama3b,asap_bidir04_llama3b,ua,0.8341564430198782,0.7647717020282183,0.7854134762633997
asap,mistral7b,asap_bidir04_mistral7b,ua,0.8448500937727146,0.7825158329702464,0.7978560490045942
asap,llama1b,asap_bidir06_llama1b,ua,0.8194714496026041,0.744127256376069,0.7743108728943339
asap,llama3b,asap_bidir06_llama3b,ua,0.8338857184912027,0.7648556993739728,0.7894333843797856
asap,mistral7b,asap_bidir06_mistral7b,ua,0.8552685422453506,0.7915069638204313,0.8037901990811639
asap,llama1b,asap_bidir08_llama1b,ua,0.8230812655064893,0.7483250728809251,0.7718223583460949
asap,llama3b,asap_bidir08_llama3b,ua,0.838577208241249,0.7670483728201134,0.7825421133231241
asap,mistral7b,asap_bidir08_mistral7b,ua,0.8466890228870828,0.7869991558087925,0.7993874425727412
asap,llama1b,asap_bidir10_llama1b,ua,0.8212414303669372,0.7425133016039979,0.7735451761102603
asap,llama3b,asap_bidir10_llama3b,ua,0.8433630415107348,0.7732785340949593,0.7930704441041347
asap,mistral7b,asap_bidir10_mistral7b,ua,0.8487991107417706,0.7819367397598664,0.7999617151607963
asap,llama1b,asap_concat_llama1b,ua,0.8280259277551452,0.7496227889871888,0.781010719754977
asap,llama3b,asap_concat_llama3b,ua,0.8420704490146353,0.7691730759874453,0.7957503828483921
asap,mistral7b,asap_concat_mistral7b,ua,0.8551063733063362,0.7879105909757631,0.7997702909647779
asap,,asap_condiff_bert,ua,0.7879650427600577,0.7085531942553769,0.7306661562021439
asap,llama1b,asap_condiff_llama1b,ua,0.8183813822879508,0.7285336445631818,0.7672281776416539
asap,llama3b,asap_condiff_llama3b,ua,0.8375665746905481,0.761507705068792,0.7856049004594181
asap,mistral7b,asap_condiff_mistral7b,ua,0.860053937397871,0.8029870803934157,0.8085758039816233
asap,,asap_condiff_roberta,ua,0.8213189507059715,0.7352095844111274,0.7576569678407351
asap,llama1b,asap_gate_llama1b,ua,0.829334392582775,0.7502732764472835,0.7769908116385911
asap,llama3b,asap_gate_llama3b,ua,0.8409418043154169,0.765277700741334,0.7890505359877489
asap,mistral7b,asap_gate_mistral7b,ua,0.8579833085932476,0.7896550675562205,0.8011102603369066
asap,llama1b,asap_sas_bidirfull_llama1b,ua,0.8246937818255472,0.7544372229762555,0.7829249617151608
asap,llama3b,asap_sas_bidirfull_llama3b,ua,0.8402033010683039,0.7697744036125838,0.7919218989280244
asap,llama1b,asap_sas_tconcat_llama1b,ua,0.8142825842724468,0.7323856169594505,0.7609111791730475
asap,llama3b,asap_sas_tconcat_llama3b,ua,0.8371565910116372,0.76677507134194,0.7861791730474732
beetle,llama1b,beetle_bidir02_llama1b,ua,0.7108252918367208,0.7267037695726678,0.7494305239179955
beetle,llama1b,beetle_bidir02_llama1b,uq,0.5258113789441528,0.5955633014382656,0.6227106227106227
beetle,llama3b,beetle_bidir02_llama3b,ua,0.7534941653309375,0.7351266953338453,0.7608200455580866
beetle,llama3b,beetle_bidir02_llama3b,uq,0.5708425220459048,0.5974887895777987,0.6373626373626373
beetle,mistral7b,beetle_bidir02_mistral7b,ua,0.5869563745896369,0.6499752383129233,0.6742596810933941
beetle,mistral7b,beetle_bidir02_mistral7b,uq,0.21042197549527697,0.44341855705475147,0.47985347985347987
beetle,llama1b,beetle_bidir04_llama1b,ua,0.6909908493873395,0.7223676792984653,0.7425968109339408
beetle,llama1b,beetle_bidir04_llama1b,uq,0.47212055994188895,0.5873342755232519,0.6190476190476191
beetle,llama3b,beetle_bidir04_llama3b,ua,0.7213807630424267,0.725861092741709,0.7494305239179955
beetle,llama3b,beetle_bidir04_llama3b,uq,0.5860541595427817,0.6023849218712596,0.6385836385836385
beetle,llama1b,beetle_bidir06_llama1b,ua,0.7236006803975247,0.7401932313804611,0.7585421412300684
beetle,llama1b,beetle_bidir06_llama1b,uq,0.5032889418849249,0.5985692140059885,0.6324786324786325
beetle,llama3b,beetle_bidir06_llama3b,ua,0.7649407688673467,0.7414898821901685,0.7608200455580866
beetle,llama3b,beetle_bidir06_llama3b,uq,0.5441401191340822,0.6021123507070955,0.6373626373626373
beetle,mistral7b,beetle_bidir06_mistral7b,ua,0.801116788705684,0.7765227966320273,0.7949886104783599
beetle,mistral7b,beetle_bidir06_mistral7b,uq,0.6089060637798404,0.6272271848975535,0.645909645909646
beetle,llama1b,beetle_bidir08_llama1b,ua,0.7495019971366971,0.7565275933188814,0.7767653758542141
beetle,llama1b,beetle_bidir08_llama1b,uq,0.4131186175101049,0.564549548864867,0.5995115995115995
beetle,llama3b,beetle_bidir08_llama3b,ua,0.7588798124857877,0.7470258696670952,0.765375854214123
beetle,llama3b,beetle_bidir08_llama3b,uq,0.5416388662612952,0.5827883246728748,0.6031746031746031
beetle,llama1b,beetle_bidir10_llama1b,ua,0.7073472691776582,0.7287753596921426,0.7517084282460137
beetle,llama1b,beetle_bidir10_llama1b,uq,0.5437439262463557,0.6085261237193332,0.6398046398046398
beetle,llama3b,beetle_bidir10_llama3b,ua,0.7578467900495087,0.74710738204293,0.7722095671981777
beetle,llama3b,beetle_bidir10_llama3b,uq,0.5896914065080636,0.6067672567672567,0.6556776556776557
beetle,mistral7b,beetle_bidir10_mistral7b,ua,0.792671407934215,0.7723001540353138,0.7927107061503417
beetle,mistral7b,beetle_bidir10_mistral7b,uq,0.5920480949460573,0.632762187675142,0.6593406593406593
beetle,llama1b,beetle_bidirfull_llama1b,ua,0.7541765289892164,0.7500628956110824,0.7722095671981777
beetle,llama1b,beetle_bidirfull_llama1b,uq,0.46187755897835836,0.5706199420551551,0.590964590964591
beetle,llama1b,beetle_bidirfull_llama1b_seed1,ua,0.7702050353928106,0.7532467532467533,0.7744874715261959
beetle,llama1b,beetle_bidirfull_llama1b_seed1,uq,0.5201095202181014,0.5637732445211059,0.590964590964591
beetle,llama1b,beetle_bidirfull_llama1b_seed2,ua,0.7710861082433639,0.7586521493378221,0.7767653758542141
beetle,llama1b,beetle_bidirfull_llama1b_seed2,uq,0.49729234414806844,0.5529484052740222,0.5811965811965812
beetle,llama3b,beetle_bidirfull_llama3b,ua,0.6363929892536517,0.6847488430407993,0.7015945330296127
beetle,llama3b,beetle_bidirfull_llama3b,uq,0.41947050890765836,0.5579451268613018,0.5836385836385837
beetle,llama3b,beetle_bidirfull_llama3b_seed1,ua,0.6976021712026341,0.7335050752041196,0.7494305239179955
beetle,llama3b,beetle_bidirfull_llama3b_seed1,uq,0.3250705792907158,0.5188682776429242,0.5567765567765568
beetle,llama3b,beetle_bidirfull_llama3b_seed2,ua,0.6366405764349914,0.6730242814324363,0.6970387243735763
beetle,llama3b,beetle_bidirfull_llama3b_seed2,uq,0.32897492946762397,0.5022931205000868,0.5396825396825397
beetle,llama1b,beetle_concat_llama1b,ua,0.7307615417196103,0.7355574918865537,0.7585421412300684
beetle,llama1b,beetle_concat_llama1b,uq,0.5144365673587388,0.5888439540691887,0.612942612942613
beetle,llama1b,beetle_concat_llama1b_seed1,ua,0.7147536989157066,0.7293895310508504,0.7539863325740319
beetle,llama1b,beetle_concat_llama1b_seed1,uq,0.49356308930047665,0.6067028267139305,0.6312576312576312
beetle,llama1b,beetle_concat_llama1b_seed2,ua,0.7285228650387985,0.7359840736464113,0.7539863325740319
beetle,llama1b,beetle_concat_llama1b_seed2,uq,0.5011236720239717,0.6000922041618878,0.6275946275946276
beetle,llama3b,beetle_concat_llama3b,ua,0.7449316262372643,0.7391647539453309,0.7608200455580866
beetle,llama3b,beetle_concat_llama3b,uq,0.5705596532317265,0.6036764641863399,0.6483516483516484
beetle,llama3b,beetle_concat_llama3b_seed1,ua,0.7091063990912534,0.728922428922429,0.7517084282460137
beetle,llama3b,beetle_concat_llama3b_seed1,uq,0.524703698414965,0.5931885570439787,0.6361416361416361
beetle,llama3b,beetle_concat_llama3b_seed2,ua,0.751104173812007,0.7414287612860372,0.7608200455580866
beetle,llama3b,beetle_concat_llama3b_seed2,uq,0.5437737827916795,0.6088600566903364,0.6361416361416361
beetle,,beetle_condiff_bert,ua,0.47768371612067306,0.46222714180294694,0.5740318906605922
beetle,llama1b,beetle_condiff_llama1b,ua,0.6963247230420018,0.7119487432326994,0.7312072892938497
beetle,llama1b,beetle_condiff_llama1b,uq,0.5319499951477296,0.6194685620675452,0.6398046398046398
beetle,llama1b,beetle_condiff_llama1b_lr2e4,ua,0.779256581654002,0.7595306675703152,0.7767653758542141
beetle,llama1b,beetle_condiff_llama1b_lr2e4,uq,0.6053273338116596,0.6212460522538042,0.6483516483516484
beetle,llama1b,beetle_condiff_llama1b_seed1,ua,0.7413154068500458,0.7375445319531019,0.7585421412300684
beetle,llama1b,beetle_condiff_llama1b_seed1,uq,0.5105835218773724,0.6103490298224403,0.6373626373626373
beetle,llama1b,beetle_condiff_llama1b_seed114514_verified,ua,0.7180879771005404,0.7431711315419465,0.7630979498861048
beetle,llama1b,beetle_condiff_llama1b_seed114514_verified,uq,0.4723684417278169,0.5857761018358271,0.6056166056166056
beetle,llama1b,beetle_condiff_llama1b_seed2,ua,0.7284093666793132,0.7367209547041661,0.7585421412300684
beetle,llama1b,beetle_condiff_llama1b_seed2,uq,0.5451350652584002,0.613435487858145,0.6398046398046398
beetle,llama3b,beetle_condiff_llama3b,ua,0.748422352451579,0.7372659785939684,0.7608200455580866
beetle,llama3b,beetle_condiff_llama3b,uq,0.57272474100479,0.6124474786066351,0.6507936507936508
beetle,llama3b,beetle_condiff_llama3b_seed1,ua,0.7354288521095114,0.7251054082965186,0.7494305239179955
beetle,llama3b,beetle_condiff_llama3b_seed1,uq,0.5284364827655665,0.5851299550099787,0.6227106227106227
beetle,llama3b,beetle_condiff_llama3b_seed2,ua,0.7069325056262517,0.7120496292305263,0.7357630979498861
beetle,llama3b,beetle_condiff_llama3b_seed2,uq,0.5306947148874459,0.5910988427255771,0.6410256410256411
beetle,mistral7b,beetle_condiff_mistral7b,ua,0.8026952543872791,0.7686902251160413,0.7881548974943052
beetle,mistral7b,beetle_condiff_mistral7b,uq,0.6064798142238008,0.6297102918033902,0.6605616605616605
beetle,,beetle_condiff_roberta,ua,0.6944745166959578,0.7193109218132037,0.7334851936218679
beetle,,beetle_condiff_roberta,uq,0.2888162832527099,0.4995266235841737,0.5091575091575091
beetle,,beetle_condiff_roberta_batch16_lr1e5,ua,0.6647494685279083,0.7143147756050983,0.7334851936218679
beetle,,beetle_condiff_roberta_batch16_lr1e5,uq,0.3618179774266106,0.5107440276245878,0.5372405372405372
beetle,,beetle_condiff_roberta_batch16_lr2e5,ua,0.7682389178492639,0.7602967003450484,0.7790432801822323
beetle,,beetle_condiff_roberta_batch16_lr2e5,uq,0.3373686012720942,0.5240260642890372,0.5347985347985348
beetle,,beetle_condiff_roberta_batch16_lr5e5,ua,0.6878888590293534,0.7076989465725055,0.7289293849658315
beetle,,beetle_condiff_roberta_batch16_lr5e5,uq,0.28801389482490514,0.4489166354201863,0.49572649572649574
beetle,llama3b,beetle_diff_llama3b,ua,0.7339458437371216,0.7304475503955891,0.7517084282460137
beetle,llama3b,beetle_diff_llama3b,uq,0.5517631886434782,0.5993232451946878,0.6349206349206349
beetle,llama3b,beetle_diff_llama3b_seed1,ua,0.7443320018362327,0.7324675324675325,0.7562642369020501
beetle,llama3b,beetle_diff_llama3b_seed1,uq,0.5993438379258615,0.6150269107625421,0.6471306471306472
beetle,llama3b,beetle_diff_llama3b_seed2,ua,0.7424630049396173,0.7388770130705615,0.7585421412300684
beetle,llama3b,beetle_diff_llama3b_seed2,uq,0.5652527367283985,0.600330732968068,0.6422466422466423
beetle,llama1b,beetle_gate_llama1b,ua,0.6954223153454424,0.7403062216452202,0.7562642369020501
beetle,llama1b,beetle_gate_llama1b,uq,0.4972546619749435,0.5709918599847524,0.6056166056166056
beetle,llama1b,beetle_gate_llama1b_seed1,ua,0.6714060309171479,0.7034053849070915,0.7198177676537585
beetle,llama1b,beetle_gate_llama1b_seed1,uq,0.39928160648628264,0.5351135229318763,0.5628815628815629
beetle,llama1b,beetle_gate_llama1b_seed2,ua,0.722072117264069,0.7510564932202951,0.7676537585421412
beetle,llama1b,beetle_gate_llama1b_seed2,uq,0.5171627256939866,0.5810748170503186,0.6166056166056166
beetle,llama3b,beetle_gate_llama3b,ua,0.771368649226893,0.7466297485699931,0.765375854214123
beetle,llama3b,beetle_gate_llama3b,uq,0.5695510945725628,0.6083353949045055,0.6373626373626373
beetle,llama3b,beetle_gate_llama3b_seed1,ua,0.7489203434352428,0.7405774265998598,0.7630979498861048
beetle,llama3b,beetle_gate_llama3b_seed1,uq,0.5558129982338283,0.6184912518842817,0.6507936507936508
beetle,llama3b,beetle_gate_llama3b_seed2,ua,0.7511767917994373,0.7416787743494669,0.7630979498861048
beetle,llama3b,beetle_gate_llama3b_seed2,uq,0.5255305448616953,0.5970004924520889,0.6178266178266179
beetle,llama1b,beetle_seqclass_ctx_llama1b,ua,0.7636434829425872,0.7705205205205204,0.785876993166287
beetle,llama1b,beetle_seqclass_ctx_llama1b,uq,0.5544261364016648,0.6289187396930261,0.6532356532356532
beetle,llama1b,beetle_seqclass_ctx_norub_llama1b,ua,0.7992866192242857,0.7720343200735358,0.7904328018223234
beetle,llama1b,beetle_seqclass_ctx_norub_llama1b,uq,0.6017369332795376,0.6534364499011968,0.6764346764346765
beetle,llama1b,beetle_seqclass_llama1b,ua,0.6686931365561193,0.6932635954749897,0.7129840546697038
beetle,llama1b,beetle_seqclass_llama1b,uq,0.44340346972402667,0.5567696945820516,0.5811965811965812
beetle,llama1b,beetle_seqclass_llama1b_seed1,ua,0.640369909544914,0.6777815890668158,0.7015945330296127
beetle,llama1b,beetle_seqclass_llama1b_seed1,uq,0.49582325597351595,0.5805156224982273,0.6105006105006106
beetle,llama1b,beetle_seqclass_llama1b_seed114514_v2,ua,0.6686931365561193,0.6932635954749897,0.7129840546697038
beetle,llama1b,beetle_seqclass_llama1b_seed114514_v2,uq,0.44340346972402667,0.5567696945820516,0.5811965811965812
beetle,llama1b,beetle_seqclass_llama1b_seed2,ua,0.61339734718789,0.6729646057875794,0.6970387243735763
beetle,llama1b,beetle_seqclass_llama1b_seed2,uq,0.42793322104068365,0.5399299474395548,0.5860805860805861
beetle,llama3b,beetle_seqclass_llama3b,ua,0.7302319673453694,0.7259002779953442,0.7494305239179955
beetle,llama3b,beetle_seqclass_llama3b,uq,0.53355729422846,0.581705001562237,0.6019536019536019
beetle,llama1b,beetle_seqclass_norub_llama1b,ua,0.5883801249274855,0.6337316891862347,0.6605922551252847
beetle,llama1b,beetle_seqclass_norub_llama1b,uq,0.4445314522331878,0.5707757403229436,0.6019536019536019
beetle,llama1b,beetle_seqclass_norub_llama1b_seed1,ua,0.5918452803406672,0.6612868225188847,0.6765375854214123
beetle,llama1b,beetle_seqclass_norub_llama1b_seed1,uq,0.4813061368101097,0.5650302630501263,0.5897435897435898
beetle,llama1b,beetle_seqclass_norub_llama1b_seed114514_v2,ua,0.5883801249274855,0.6337316891862347,0.6605922551252847
beetle,llama1b,beetle_seqclass_norub_llama1b_seed114514_v2,uq,0.4445314522331878,0.5707757403229436,0.6019536019536019
beetle,llama1b,beetle_seqclass_norub_llama1b_seed2,ua,0.581296715933304,0.6275864447723399,0.6583143507972665
beetle,llama1b,beetle_seqclass_norub_llama1b_seed2,uq,0.44457188598449815,0.5468561370558772,0.5860805860805861
beetle,llama1b,beetle_tconcat_llama1b,ua,0.6858399278150571,0.7230581915407819,0.7403189066059226
beetle,llama1b,beetle_tconcat_llama1b,uq,0.502336921843634,0.5714842491928308,0.6043956043956044
beetle,llama3b,beetle_tconcat_llama3b,ua,0.7602386690242288,0.748965645637103,0.7722095671981777
beetle,llama3b,beetle_tconcat_llama3b,uq,0.5444611635912237,0.595921034167697,0.6398046398046398
beetle,llama3b,beetle_tconcat_llama3b_seed1,ua,0.7642883618136407,0.7497032920345301,0.7699316628701595
beetle,llama3b,beetle_tconcat_llama3b_seed1,uq,0.549051921584222,0.6104158639742886,0.6373626373626373
beetle,llama3b,beetle_tconcat_llama3b_seed2,ua,0.7578315163801604,0.7526258115884322,0.7722095671981777
beetle,llama3b,beetle_tconcat_llama3b_seed2,uq,0.5633916692730336,0.6009525714015568,0.6398046398046398
scientsbank,llama1b,scientsbank_bidir02_llama1b,ua,0.6966443317884665,0.6838206923960103,0.7074074074074074
scientsbank,llama1b,scientsbank_bidir02_llama1b,ud,0.5549861764508874,0.627378718799474,0.6497150372643578
scientsbank,llama1b,scientsbank_bidir02_llama1b,uq,0.5505606495308122,0.6075109495853136,0.6234652114597544
scientsbank,llama3b,scientsbank_bidir02_llama3b,ua,0.7489894907033144,0.7395159252802411,0.7611111111111111
scientsbank,llama3b,scientsbank_bidir02_llama3b,ud,0.6140272919539573,0.6630762849837305,0.6900482244629549
scientsbank,llama3b,scientsbank_bidir02_llama3b,uq,0.621072549232105,0.6533228592659888,0.6753069577080492
scientsbank,mistral7b,scientsbank_bidir02_mistral7b,ua,0.7659682209478972,0.7345701737729412,0.7537037037037037
scientsbank,mistral7b,scientsbank_bidir02_mistral7b,ud,0.6518773421030091,0.6781848139831057,0.6992547128452433
scientsbank,mistral7b,scientsbank_bidir02_mistral7b,uq,0.6265697972112844,0.6820722712745707,0.6903137789904502
scientsbank,llama1b,scientsbank_bidir04_llama1b,ua,0.6826264641963834,0.6705295787479654,0.6944444444444444
scientsbank,llama1b,scientsbank_bidir04_llama1b,ud,0.5611400472663715,0.6250606722539013,0.6486190267426567
scientsbank,llama1b,scientsbank_bidir04_llama1b,uq,0.5707127469663047,0.61648534340258,0.6343792633015006
scientsbank,llama3b,scientsbank_bidir04_llama3b,ua,0.7379228877930855,0.7070603929011009,0.7296296296296296
scientsbank,llama3b,scientsbank_bidir04_llama3b,ud,0.6113359615833609,0.6528748512407815,0.6768960982025427
scientsbank,llama3b,scientsbank_bidir04_llama3b,uq,0.5836711613854666,0.6420430182086881,0.6589358799454298
scientsbank,llama1b,scientsbank_bidir06_llama1b,ua,0.681189367611738,0.6704407343802382,0.7
scientsbank,llama1b,scientsbank_bidir06_llama1b,ud,0.540841532643938,0.6149423638229221,0.634809294169224
scientsbank,llama1b,scientsbank_bidir06_llama1b,uq,0.533044169884364,0.5900365513664056,0.6111869031377899
scientsbank,llama3b,scientsbank_bidir06_llama3b,ua,0.753354057591623,0.7221960636594783,0.7444444444444445
scientsbank,llama3b,scientsbank_bidir06_llama3b,ud,0.6713937173388377,0.6790532342061026,0.7058307759754494
scientsbank,llama3b,scientsbank_bidir06_llama3b,uq,0.5966538186937376,0.6564049567707697,0.6739427012278308
scientsbank,mistral7b,scientsbank_bidir06_mistral7b,ua,0.6502865707267655,0.6502536896726049,0.6703703703703704
scientsbank,mistral7b,scientsbank_bidir06_mistral7b,ud,0.39336998546969004,0.5462730414605111,0.5699254712845243
scientsbank,mistral7b,scientsbank_bidir06_mistral7b,uq,0.3779553611343335,0.5544943244578059,0.5784447476125512
scientsbank,llama1b,scientsbank_bidir08_llama1b,ua,0.7037694618956569,0.6949495474751234,0.7148148148148148
scientsbank,llama1b,scientsbank_bidir08_llama1b,ud,0.589440165733036,0.6525201388955001,0.6718544498027181
scientsbank,llama1b,scientsbank_bidir08_llama1b,uq,0.5665001361371249,0.6543080557086486,0.6657571623465212
scientsbank,llama3b,scientsbank_bidir08_llama3b,ua,0.7489102005231038,0.7161098310291859,0.7425925925925926
scientsbank,llama3b,scientsbank_bidir08_llama3b,ud,0.6367732947753191,0.656215093917633,0.6810609381850066
scientsbank,llama3b,scientsbank_bidir08_llama3b,uq,0.6197036951634289,0.678369181275595,0.6889495225102319
scientsbank,llama1b,scientsbank_bidir10_llama1b,ua,0.6912811030268924,0.6737363087246141,0.7037037037037037
scientsbank,llama1b,scientsbank_bidir10_llama1b,ud,0.558365846344073,0.6276632755376905,0.6538798772468216
scientsbank,llama1b,scientsbank_bidir10_llama1b,uq,0.546673461410965,0.5873909653537109,0.6125511596180082
scientsbank,llama3b,scientsbank_bidir10_llama3b,ua,0.7542014250368427,0.7103929481499908,0.737037037037037
scientsbank,llama3b,scientsbank_bidir10_llama3b,ud,0.6380929243895102,0.6741477817976728,0.7047347654537484
scientsbank,llama3b,scientsbank_bidir10_llama3b,uq,0.6237507721256728,0.6710614073243134,0.6903137789904502
scientsbank,mistral7b,scientsbank_bidir10_mistral7b,ua,0.7536965934155706,0.7206809431475308,0.7444444444444445
scientsbank,mistral7b,scientsbank_bidir10_mistral7b,ud,0.6502055653403711,0.6703959985145769,0.6939938623410785
scientsbank,mistral7b,scientsbank_bidir10_mistral7b,uq,0.6179189599399022,0.6653700891598541,0.6807639836289222
scientsbank,llama1b,scientsbank_bidirfull_llama1b,ua,0.6747047109850242,0.7010885882027691,0.7203703703703703
scientsbank,llama1b,scientsbank_bidirfull_llama1b,ud,0.5598384396035778,0.6350092076240451,0.6538798772468216
scientsbank,llama1b,scientsbank_bidirfull_llama1b,uq,0.49810021313467323,0.6135080449743143,0.6302864938608458
scientsbank,llama1b,scientsbank_bidirfull_llama1b_seed1,ua,0.7233443505937079,0.7207840238535624,0.7425925925925926
scientsbank,llama1b,scientsbank_bidirfull_llama1b_seed1,ud,0.6060683616091527,0.6683046117766485,0.6878562034195528
scientsbank,llama1b,scientsbank_bidirfull_llama1b_seed1,uq,0.5757448542087926,0.6138950185482411,0.6384720327421555
scientsbank,llama1b,scientsbank_bidirfull_llama1b_seed2,ua,0.678632525049556,0.6925222091526583,0.7129629629629629
scientsbank,llama1b,scientsbank_bidirfull_llama1b_seed2,ud,0.5967951515275813,0.6782755923070353,0.6959666812801403
scientsbank,llama1b,scientsbank_bidirfull_llama1b_seed2,uq,0.5854292228565369,0.6597401519649063,0.6753069577080492
scientsbank,llama3b,scientsbank_bidirfull_llama3b,ua,0.779893977483878,0.7355560881598997,0.7574074074074074
scientsbank,llama3b,scientsbank_bidirfull_llama3b,ud,0.6129175760671914,0.6584855095174754,0.6799649276633055
scientsbank,llama3b,scientsbank_bidirfull_llama3b,uq,0.6231564004428893,0.6986896090148259,0.713506139154161
scientsbank,llama3b,scientsbank_bidirfull_llama3b_seed1,ua,0.7653194263363755,0.7117489214855516,0.7407407407407407
scientsbank,llama3b,scientsbank_bidirfull_llama3b_seed1,ud,0.6131811402249497,0.6619140438595678,0.6885138097325735
scientsbank,llama3b,scientsbank_bidirfull_llama3b_seed1,uq,0.6345019993967755,0.6998733043666223,0.7189631650750341
scientsbank,llama3b,scientsbank_bidirfull_llama3b_seed2,ua,0.7554415294215013,0.721990264396827,0.7407407407407407
scientsbank,llama3b,scientsbank_bidirfull_llama3b_seed2,ud,0.6493780224336975,0.6804117487724085,0.6946514686540991
scientsbank,llama3b,scientsbank_bidirfull_llama3b_seed2,uq,0.6490032978830218,0.689917573963802,0.7012278308321964
scientsbank,llama1b,scientsbank_concat_llama1b,ua,0.6891844307808987,0.6892979403690629,0.7111111111111111
scientsbank,llama1b,scientsbank_concat_llama1b,ud,0.5626744927386045,0.6397665624450881,0.6602367382726874
scientsbank,llama1b,scientsbank_concat_llama1b,uq,0.5650733803007316,0.6123914216672305,0.6316507503410641
scientsbank,llama1b,scientsbank_concat_llama1b_seed1,ua,0.6850277561747432,0.6769475323620386,0.7055555555555556
scientsbank,llama1b,scientsbank_concat_llama1b_seed1,ud,0.5877110448642271,0.6406549253243577,0.6703200350723367
scientsbank,llama1b,scientsbank_concat_llama1b_seed1,uq,0.549804424863998,0.6083242045820794,0.6289222373806276
scientsbank,llama1b,scientsbank_concat_llama1b_seed2,ua,0.7186861333368955,0.7204198703999226,0.7444444444444445
scientsbank,llama1b,scientsbank_concat_llama1b_seed2,ud,0.5800502862875077,0.6418898778012817,0.6654975887768523
scientsbank,llama1b,scientsbank_concat_llama1b_seed2,uq,0.5931728041847273,0.6275048010180186,0.6534788540245566
scientsbank,llama3b,scientsbank_concat_llama3b,ua,0.7165489597251384,0.7138385311077338,0.7333333333333333
scientsbank,llama3b,scientsbank_concat_llama3b,ud,0.6095471672317165,0.65240229709655,0.6799649276633055
scientsbank,llama3b,scientsbank_concat_llama3b,uq,0.5984824661953115,0.6580310880829016,0.6725784447476125
scientsbank,llama3b,scientsbank_concat_llama3b_seed1,ua,0.701294798951049,0.7023836417745005,0.7222222222222222
scientsbank,llama3b,scientsbank_concat_llama3b_seed1,ud,0.6443592753129479,0.6747612968393689,0.6948706707584393
scientsbank,llama3b,scientsbank_concat_llama3b_seed1,uq,0.5974933135158922,0.6530624167429021,0.6671214188267395
scientsbank,llama3b,scientsbank_concat_llama3b_seed2,ua,0.7434888234415928,0.7231585224241283,0.7444444444444445
scientsbank,llama3b,scientsbank_concat_llama3b_seed2,ud,0.6235854941049004,0.660050282575939,0.6878562034195528
scientsbank,llama3b,scientsbank_concat_llama3b_seed2,uq,0.5499266661694882,0.6425698496004394,0.6575716234652115
scientsbank,,scientsbank_condiff_bert,ua,0.05186962712937082,0.3288578952321642,0.43148148148148147
scientsbank,,scientsbank_condiff_bert,ud,-0.003978933676897167,0.31386163365980574,0.4053046909250329
scientsbank,,scientsbank_condiff_bert,uq,0.06149527214787698,0.30337330842398336,0.4392905866302865
scientsbank,,scientsbank_condiff_bert_batch16_lr1e5,ua,0.005964477052598172,0.3511457680633112,0.3611111111111111
scientsbank,,scientsbank_condiff_bert_batch16_lr1e5,ud,-0.04925342509324282,0.3266120264734687,0.34612012275317844
scientsbank,,scientsbank_condiff_bert_batch16_lr1e5,uq,-0.02266426675229183,0.36564495926184915,0.3806275579809004
scientsbank,,scientsbank_condiff_bert_batch16_lr2e5,ua,0.009015295299765635,0.3441244386261568,0.35
scientsbank,,scientsbank_condiff_bert_batch16_lr2e5,ud,-0.02116149128416911,0.344830402366698,0.3520385795703639
scientsbank,,scientsbank_condiff_bert_batch16_lr2e5,uq,0.0756343441053009,0.3927671632715343,0.39972714870395637
scientsbank,,scientsbank_condiff_bert_batch32_lr3e5,ua,-0.02601754081510066,0.31980214557726616,0.37407407407407406
scientsbank,,scientsbank_condiff_bert_batch32_lr3e5,ud,-0.0497901558585061,0.312151778930228,0.35795703638754933
scientsbank,,scientsbank_condiff_bert_batch32_lr3e5,uq,0.01971032090821423,0.3460997684138605,0.40654843110504774
scientsbank,llama1b,scientsbank_condiff_llama1b,ua,0.7054169202678028,0.6923783473019466,0.7185185185185186
scientsbank,llama1b,scientsbank_condiff_llama1b,ud,0.5721914295435747,0.6224776089334179,0.6527838667251206
scientsbank,llama1b,scientsbank_condiff_llama1b,uq,0.5819510675396591,0.6179076220935557,0.6384720327421555
scientsbank,llama1b,scientsbank_condiff_llama1b_lr2e4,ua,0.6788052653974441,0.686651283437843,0.7074074074074074
scientsbank,llama1b,scientsbank_condiff_llama1b_lr2e4,ud,0.49599210288802886,0.6014910683389006,0.6177115300306883
scientsbank,llama1b,scientsbank_condiff_llama1b_lr2e4,uq,0.5369678408877117,0.6356759559339915,0.6521145975443383
scientsbank,llama1b,scientsbank_condiff_llama1b_seed1,ua,0.7025017830690734,0.6883587091134261,0.7092592592592593
scientsbank,llama1b,scientsbank_condiff_llama1b_seed1,ud,0.546437401714374,0.6298630245883982,0.6468654099079351
scientsbank,llama1b,scientsbank_condiff_llama1b_seed1,uq,0.52729828221093,0.5998657977541986,0.6152796725784447
scientsbank,llama1b,scientsbank_condiff_llama1b_seed2,ua,0.6982193318100081,0.6950364499962355,0.7185185185185186
scientsbank,llama1b,scientsbank_condiff_llama1b_seed2,ud,0.5605869102681089,0.6371426045425693,0.6540990793511617
scientsbank,llama1b,scientsbank_condiff_llama1b_seed2,uq,0.5235201254681842,0.6021846689417923,0.6152796725784447
scientsbank,llama3b,scientsbank_condiff_llama3b,ua,0.7495942499420356,0.7105412540527044,0.7333333333333333
scientsbank,llama3b,scientsbank_condiff_llama3b,ud,0.6053124851479232,0.6481433582861921,0.6670320035072337
scientsbank,llama3b,scientsbank_condiff_llama3b,uq,0.5760544710765136,0.6346968037359111,0.654843110504775
scientsbank,llama3b,scientsbank_condiff_llama3b_seed1,ua,0.750368912936547,0.717114799171692,0.7407407407407407
scientsbank,llama3b,scientsbank_condiff_llama3b_seed1,ud,0.6136605025361554,0.658356092102805,0.6828145550197282
scientsbank,llama3b,scientsbank_condiff_llama3b_seed1,uq,0.5798540724858896,0.6556017460877146,0.6712141882673943
scientsbank,llama3b,scientsbank_condiff_llama3b_seed2,ua,0.703497830802603,0.7080208976939368,0.7277777777777777
scientsbank,llama3b,scientsbank_condiff_llama3b_seed2,ud,0.6333489890972381,0.6616644121341645,0.6874177992108724
scientsbank,llama3b,scientsbank_condiff_llama3b_seed2,uq,0.5711135115671977,0.6435762754112054,0.660300136425648
scientsbank,mistral7b,scientsbank_condiff_mistral7b,ua,0.7431192660550459,0.7089316808548637,0.7333333333333333
scientsbank,mistral7b,scientsbank_condiff_mistral7b,ud,0.6345059842355065,0.6547810291454507,0.6790881192459448
scientsbank,mistral7b,scientsbank_condiff_mistral7b,uq,0.6214073038828463,0.6518119087168591,0.6725784447476125
scientsbank,,scientsbank_condiff_roberta,ua,0.6330900633571257,0.6527192464734529,0.6796296296296296
scientsbank,,scientsbank_condiff_roberta,ud,0.4724962626328385,0.5447625119167244,0.5931608943445857
scientsbank,,scientsbank_condiff_roberta,uq,0.45129152996626765,0.5644229206141087,0.607094133697135
scientsbank,,scientsbank_condiff_roberta_batch16_lr1e5,ua,0.6335738322416252,0.6584072183818542,0.6777777777777778
scientsbank,,scientsbank_condiff_roberta_batch16_lr1e5,ud,0.4268255707204327,0.5267616373288034,0.552170100832968
scientsbank,,scientsbank_condiff_roberta_batch16_lr1e5,uq,0.4859300968380019,0.6047300615077064,0.6248294679399727
scientsbank,,scientsbank_condiff_roberta_batch16_lr2e5,ua,-0.054265348355943877,0.3046741360801008,0.32407407407407407
scientsbank,,scientsbank_condiff_roberta_batch16_lr2e5,ud,-0.009890108038686618,0.3392340194571804,0.3577378342832091
scientsbank,,scientsbank_condiff_roberta_batch16_lr2e5,uq,0.028013589273197748,0.32708462620150225,0.3533424283765348
scientsbank,,scientsbank_condiff_roberta_batch16_lr5e5,ua,0.04900816802800467,0.35474472590666833,0.37407407407407406
scientsbank,,scientsbank_condiff_roberta_batch16_lr5e5,ud,-0.017934059054048213,0.326210965083215,0.3437088996054362
scientsbank,,scientsbank_condiff_roberta_batch16_lr5e5,uq,0.07776748797964483,0.36498088130135603,0.3874488403819918
scientsbank,llama3b,scientsbank_diff_llama3b,ua,0.7164561795913914,0.701170202470636,0.7222222222222222
scientsbank,llama3b,scientsbank_diff_llama3b,ud,0.634025098577256,0.6643181938196188,0.6863217886891714
scientsbank,llama3b,scientsbank_diff_llama3b,uq,0.5594784368319754,0.6184478767890422,0.635743519781719
scientsbank,llama3b,scientsbank_diff_llama3b_seed1,ua,0.7200278334902378,0.699907412837614,0.7222222222222222
scientsbank,llama3b,scientsbank_diff_llama3b_seed1,ud,0.6204778994315634,0.664571074554015,0.6898290223586147
scientsbank,llama3b,scientsbank_diff_llama3b_seed1,uq,0.607480427634717,0.6571938040086965,0.6712141882673943
scientsbank,llama3b,scientsbank_diff_llama3b_seed2,ua,0.7309048017445927,0.7099058799569405,0.7296296296296296
scientsbank,llama3b,scientsbank_diff_llama3b_seed2,ud,0.615975790930663,0.6523045400436507,0.6764576939938624
scientsbank,llama3b,scientsbank_diff_llama3b_seed2,uq,0.5690922348346272,0.6533340322918851,0.6671214188267395
scientsbank,llama1b,scientsbank_gate_llama1b,ua,0.7374724024887938,0.7204343317548815,0.7462962962962963
scientsbank,llama1b,scientsbank_gate_llama1b,ud,0.5841468079563286,0.6372887513614484,0.6611135466900482
scientsbank,llama1b,scientsbank_gate_llama1b,uq,0.5444443203935886,0.5805022617980408,0.607094133697135
scientsbank,llama1b,scientsbank_gate_llama1b_seed1,ua,0.7184807668972213,0.7076352592391276,0.7314814814814815
scientsbank,llama1b,scientsbank_gate_llama1b_seed1,ud,0.5367458916187268,0.617247658168446,0.6389741341516879
scientsbank,llama1b,scientsbank_gate_llama1b_seed1,uq,0.5716857193084102,0.5910966192500456,0.6221009549795361
scientsbank,llama1b,scientsbank_gate_llama1b_seed2,ua,0.698093220338983,0.6934358509806251,0.7148148148148148
scientsbank,llama1b,scientsbank_gate_llama1b_seed2,ud,0.557432482726437,0.611366539650455,0.6407277509864094
scientsbank,llama1b,scientsbank_gate_llama1b_seed2,uq,0.5766713017700146,0.6122968133058203,0.6343792633015006
scientsbank,llama3b,scientsbank_gate_llama3b,ua,0.7504711956076374,0.7263220805242571,0.7462962962962963
scientsbank,llama3b,scientsbank_gate_llama3b,ud,0.6347809448985298,0.6629440397030365,0.683691363437089
scientsbank,llama3b,scientsbank_gate_llama3b,uq,0.6545971852065633,0.6784119134947209,0.6930422919508867
scientsbank,llama3b,scientsbank_gate_llama3b_seed1,ua,0.7400908792291689,0.7104324603045648,0.7314814814814815
scientsbank,llama3b,scientsbank_gate_llama3b_seed1,ud,0.6320946524249553,0.6595640824538748,0.6808417360806663
scientsbank,llama3b,scientsbank_gate_llama3b_seed1,uq,0.6243774155294349,0.6520605917739187,0.6766712141882674
scientsbank,llama3b,scientsbank_gate_llama3b_seed2,ua,0.720190648368806,0.7112344805213956,0.7296296296296296
scientsbank,llama3b,scientsbank_gate_llama3b_seed2,ud,0.6239897552212197,0.6562637379122342,0.6758000876808418
scientsbank,llama3b,scientsbank_gate_llama3b_seed2,uq,0.5941920543474115,0.6609799837201279,0.6712141882673943
scientsbank,llama1b,scientsbank_seqclass_ctx_llama1b,ua,0.7780305002534837,0.7406718637574592,0.7611111111111111
scientsbank,llama1b,scientsbank_seqclass_ctx_llama1b,ud,0.623927696178654,0.6455087590573386,0.6626479614204296
scientsbank,llama1b,scientsbank_seqclass_ctx_llama1b,uq,0.6149644248871144,0.6598115938988314,0.6766712141882674
scientsbank,llama1b,scientsbank_seqclass_ctx_llama1b_seed1,ua,0.7544288824968413,0.7055500670835076,0.7351851851851852
scientsbank,llama1b,scientsbank_seqclass_ctx_llama1b_seed1,ud,0.6185229284525833,0.6494441436880406,0.6676896098202543
scientsbank,llama1b,scientsbank_seqclass_ctx_llama1b_seed1,uq,0.6407299648881775,0.6613707598258869,0.679399727148704
scientsbank,llama1b,scientsbank_seqclass_ctx_llama1b_seed2,ua,0.7756440986727664,0.7430239550467728,0.762962962962963
scientsbank,llama1b,scientsbank_seqclass_ctx_llama1b_seed2,ud,0.608336956972676,0.6438481582415251,0.6633055677334503
scientsbank,llama1b,scientsbank_seqclass_ctx_llama1b_seed2,uq,0.6337720685537229,0.6570162714741028,0.6684856753069577
scientsbank,llama1b,scientsbank_seqclass_ctx_norub_llama1b,ua,0.7892762275104745,0.752357093736404,0.7722222222222223
scientsbank,llama1b,scientsbank_seqclass_ctx_norub_llama1b,ud,0.5956174444707486,0.6072494403041166,0.634809294169224
scientsbank,llama1b,scientsbank_seqclass_ctx_norub_llama1b,uq,0.6145489810586843,0.6402157816244093,0.6493860845839018
scientsbank,llama1b,scientsbank_seqclass_ctx_norub_llama1b_seed1,ua,0.7985894479858945,0.769878692103349,0.7888888888888889
scientsbank,llama1b,scientsbank_seqclass_ctx_norub_llama1b_seed1,ud,0.6333566224252585,0.6298971737928097,0.6486190267426567
scientsbank,llama1b,scientsbank_seqclass_ctx_norub_llama1b_seed1,uq,0.6256969267484394,0.6516031048218806,0.6616643929058663
scientsbank,llama1b,scientsbank_seqclass_ctx_norub_llama1b_seed2,ua,0.7571181289100302,0.7275376052881253,0.75
scientsbank,llama1b,scientsbank_seqclass_ctx_norub_llama1b_seed2,ud,0.6041356819473098,0.613600800030457,0.6380973257343271
scientsbank,llama1b,scientsbank_seqclass_ctx_norub_llama1b_seed2,uq,0.604050431822158,0.6289385663959742,0.6439290586630286
scientsbank,llama1b,scientsbank_seqclass_llama1b,ua,0.6786706575574137,0.6680533818736825,0.6962962962962963
scientsbank,llama1b,scientsbank_seqclass_llama1b,ud,0.5428243075132856,0.6072202372757648,0.628233231039018
scientsbank,llama1b,scientsbank_seqclass_llama1b,uq,0.5347677787575462,0.6548744800107754,0.669849931787176
scientsbank,llama1b,scientsbank_seqclass_llama1b_seed1,ua,0.6804891876569207,0.6775350849424924,0.7074074074074074
scientsbank,llama1b,scientsbank_seqclass_llama1b_seed1,ud,0.5264719626944288,0.5985471358132077,0.6209995615957913
scientsbank,llama1b,scientsbank_seqclass_llama1b_seed1,uq,0.5445487821978947,0.6109712389106927,0.6425648021828103
scientsbank,llama1b,scientsbank_seqclass_llama1b_seed2,ua,0.6854663774403471,0.6772618359084525,0.7055555555555556
scientsbank,llama1b,scientsbank_seqclass_llama1b_seed2,ud,0.5318351027330117,0.6043820438222679,0.632617273125822
scientsbank,llama1b,scientsbank_seqclass_llama1b_seed2,uq,0.5860281518555068,0.6624544237313739,0.684856753069577
scientsbank,llama3b,scientsbank_seqclass_llama3b_seed1,ua,0.7351146073511461,0.7210784585093933,0.7425925925925926
scientsbank,llama3b,scientsbank_seqclass_llama3b_seed1,ud,0.6254199916498104,0.6411796759136458,0.6670320035072337
scientsbank,llama3b,scientsbank_seqclass_llama3b_seed1,uq,0.6186871046351595,0.6682223343786892,0.6834924965893588
scientsbank,llama3b,scientsbank_seqclass_llama3b_seed2,ua,0.7387445917365882,0.7160461630042613,0.7333333333333333
scientsbank,llama3b,scientsbank_seqclass_llama3b_seed2,ud,0.651183189846843,0.6524282144745183,0.6777729066199035
scientsbank,llama3b,scientsbank_seqclass_llama3b_seed2,uq,0.5780264967039745,0.6292758302093179,0.6425648021828103
scientsbank,llama3b,scientsbank_seqclass_llama3b_tf4576,ua,0.7469460178802976,0.7187402545887364,0.7407407407407407
scientsbank,llama3b,scientsbank_seqclass_llama3b_tf4576,ud,0.6483416748105586,0.6520650905143798,0.6720736519070583
scientsbank,llama3b,scientsbank_seqclass_llama3b_tf4576,uq,0.5566287433685597,0.6290571935945847,0.6439290586630286
scientsbank,llama3b,scientsbank_seqclass_llama3b_tf5161,ua,0.763239021716791,0.7368095075960245,0.7555555555555555
scientsbank,llama3b,scientsbank_seqclass_llama3b_tf5161,ud,0.6478231149134197,0.6433949516704917,0.6663743971942131
scientsbank,llama3b,scientsbank_seqclass_llama3b_tf5161,uq,0.5428171363730865,0.601968779012452,0.6193724420190996
scientsbank,llama1b,scientsbank_seqclass_norub_llama1b,ua,0.45017415913791226,0.5494771288569936,0.5740740740740741
scientsbank,llama1b,scientsbank_seqclass_norub_llama1b,ud,0.18828351681532873,0.36487502807315203,0.3998246383165278
scientsbank,llama1b,scientsbank_seqclass_norub_llama1b,uq,0.027212403100775218,0.3539697402056953,0.38472032742155526
scientsbank,llama1b,scientsbank_seqclass_norub_llama1b_seed1,ua,0.4724278207808351,0.5719083193741223,0.587037037037037
scientsbank,llama1b,scientsbank_seqclass_norub_llama1b_seed1,ud,0.15037910982432667,0.3319657895425314,0.3531345900920649
scientsbank,llama1b,scientsbank_seqclass_norub_llama1b_seed1,uq,0.049756475731304706,0.3661553241743374,0.3860845839017735
scientsbank,llama1b,scientsbank_seqclass_norub_llama1b_seed2,ua,0.41790743111230877,0.5541707243459092,0.5777777777777777
scientsbank,llama1b,scientsbank_seqclass_norub_llama1b_seed2,ud,0.1785562941306128,0.3649988338007771,0.3906181499342394
scientsbank,llama1b,scientsbank_seqclass_norub_llama1b_seed2,uq,0.027078123089109618,0.35116408588733167,0.38472032742155526
scientsbank,llama3b,scientsbank_seqclass_norub_llama3b,ua,0.4987920232586708,0.5808148961804972,0.6055555555555555
scientsbank,llama3b,scientsbank_seqclass_norub_llama3b,ud,0.2191103061675611,0.3985841887046579,0.43971942130644454
scientsbank,llama3b,scientsbank_seqclass_norub_llama3b,uq,0.08915786710588436,0.3854422068244275,0.41609822646657574
scientsbank,llama3b,scientsbank_seqclass_norub_llama3b_seed1,ua,0.4995199231877101,0.5821950857601882,0.6111111111111112
scientsbank,llama3b,scientsbank_seqclass_norub_llama3b_seed1,ud,0.1903286974817312,0.36375012866586975,0.40267426567295045
scientsbank,llama3b,scientsbank_seqclass_norub_llama3b_seed1,uq,0.039102093403548865,0.36073835376143526,0.39017735334242837
scientsbank,llama3b,scientsbank_seqclass_norub_llama3b_seed2,ua,0.4741667122762848,0.5551080984920465,0.5814814814814815
scientsbank,llama3b,scientsbank_seqclass_norub_llama3b_seed2,ud,0.19361899807203842,0.39373338303953903,0.4230600613765892
scientsbank,llama3b,scientsbank_seqclass_norub_llama3b_seed2,uq,0.02648213805638333,0.35811028128637307,0.3806275579809004
scientsbank,llama1b,scientsbank_tconcat_llama1b,ua,0.722983870967742,0.7057007030747663,0.7314814814814815
scientsbank,llama1b,scientsbank_tconcat_llama1b,ud,0.5751155230383032,0.6314743404780079,0.6578255151249452
scientsbank,llama1b,scientsbank_tconcat_llama1b,uq,0.5368008432215208,0.5812389375943313,0.6084583901773534
scientsbank,llama3b,scientsbank_tconcat_llama3b,ua,0.7621156178045425,0.7371466436185538,0.7574074074074074
scientsbank,llama3b,scientsbank_tconcat_llama3b,ud,0.6078592287392597,0.6560792146122939,0.682595352915388
scientsbank,llama3b,scientsbank_tconcat_llama3b,uq,0.6014964586172804,0.6546504843038862,0.6712141882673943
scientsbank,llama3b,scientsbank_tconcat_llama3b_seed1,ua,0.7438167356722598,0.7260318742576954,0.7462962962962963
scientsbank,llama3b,scientsbank_tconcat_llama3b_seed1,ud,0.626549289323328,0.6641310386153658,0.6928978518193775
scientsbank,llama3b,scientsbank_tconcat_llama3b_seed1,uq,0.6042615056788073,0.6603442967960553,0.679399727148704
scientsbank,llama3b,scientsbank_tconcat_llama3b_seed2,ua,0.6956847774217738,0.6984388641369046,0.7185185185185186
scientsbank,llama3b,scientsbank_tconcat_llama3b_seed2,ud,0.6095898187931896,0.6513812566534156,0.6751424813678212
scientsbank,llama3b,scientsbank_tconcat_llama3b_seed2,uq,0.5450201855620046,0.6308880731340963,0.6466575716234653
